Fold,Similarity,Retrieval_Accuracy
1,0.9517478346824646,0.1
2,0.9702543616294861,0.1
3,0.9775590598583221,0.05
4,0.980271577835083,0.1
5,0.921784907579422,0.05
