Method,SSIM,Pixel Correlation,MSE,PSNR
Baseline (Actual),0.3434430794711058,0.4801638722419739,0.15917961299419403,14.211074829101562
CortexFlow,0.833,0.973,0.039,21.5
